rank,similarity_score,chunk_id,doc_id,source,category,question,answer,chunk_text,test_query_index,test_query_text
1,0.7005964517593384,doc_08831_088fa685_chunk_0,doc_08831_088fa685,Türk Borçlar Kanunu,hukuk,Sebepsiz zenginleşme ile ilgili hangi hukuka aykırı sonuçlar ortaya çıkabilir?,"Sebepsiz zenginleşme ile ilgili hukuka aykırı sonuçlar, örneğin bir suçun işlenmesi veya haksız rekabetin ortaya çıkması gibi durumlar olabilir. Örneğin, bir kişi, başkasının malını çalarak zenginleşirse, bu durum hem haksız zenginleşme hem de hırsızlık suçuna yol açabilir.","Source: Türk Borçlar Kanunu Category: hukuk Question: Sebepsiz zenginleşme ile ilgili hangi hukuka aykırı sonuçlar ortaya çıkabilir? Answer: Sebepsiz zenginleşme ile ilgili hukuka aykırı sonuçlar, örneğin bir suçun işlenmesi veya haksız rekabetin ortaya çıkması gibi durumlar olabilir. Örneğin, bir kişi, başkasının malını çalarak zenginleşirse, bu durum hem haksız zenginleşme hem de hırsızlık suçuna yol açabilir.",1,Haksız zenginleşme ile ilgili hükümler nelerdir?
2,0.6863272190093994,doc_08875_53c2cc7e_chunk_1,doc_08875_53c2cc7e,Türk Borçlar Kanunu,hukuk,Haksız zenginleşme ile ilgili hangi sorunlar ortaya çıkabilir?,"Haksız zenginleşmenin tespiti, haksız zenginleşmenin geri verilmesi kapsamının belirlenmesi, zamanaşımının hesaplanması, iyi niyetin ispatı gibi sorunlar ortaya çıkabilir. Haksız zenginleşmenin tespiti, haksız zenginleşmenin gerçekleşip gerçekleşmediğinin belirlenmesi, haksız zenginleşen kişinin kim olduğu, haksız zenginleşmenin nedeni ve haksız zenginleşmenin büyüklüğünün belirlenmesi gibi konuları içerir. Haksız zenginleşmenin geri verilmesi kapsamının belirlenmesi, haksız zenginleşen kişinin ne kadar geri vermesi gerektiğinin belirlenmesi gibi konuları içerir. Zamanaşımının hesaplanması, talep hakkının zamanaşımına uğrayıp uğramadığının belirlenmesi gibi konuları içerir. İyi niyetin ispatı, haksız zenginleşen kişinin, zenginleşmenin haksız olduğunu bilmeden elde edip etmediğinin belirlenmesi gibi konuları içerir.","naşımının hesaplanması, talep hakkının zamanaşımına uğrayıp uğramadığının belirlenmesi gibi konuları içerir. İyi niyetin ispatı, haksız zenginleşen kişinin, zenginleşmenin haksız olduğunu bilmeden elde edip etmediğinin belirlenmesi gibi konuları içerir.",1,Haksız zenginleşme ile ilgili hükümler nelerdir?
3,0.679739236831665,doc_06946_4d69a544_chunk_0,doc_06946_4d69a544,Türk Medeni Kanunu,hukuk,"Hediye aynen veya mislen geri verilemiyorsa, sebepsiz zenginleşme hükümleri neden uygulanır?","Sebepsiz zenginleşme hükümleri, bir tarafın diğerinin kaybından faydalanmasını engellemek ve adaletli bir denge oluşturmak için uygulanır.","Source: Türk Medeni Kanunu Category: hukuk Question: Hediye aynen veya mislen geri verilemiyorsa, sebepsiz zenginleşme hükümleri neden uygulanır? Answer: Sebepsiz zenginleşme hükümleri, bir tarafın diğerinin kaybından faydalanmasını engellemek ve adaletli bir denge oluşturmak için uygulanır.",1,Haksız zenginleşme ile ilgili hükümler nelerdir?
4,0.6789677143096924,doc_08850_92bd892d_chunk_1,doc_08850_92bd892d,Türk Borçlar Kanunu,hukuk,Haksız zenginleşen kişi yaptığı masrafları geri isteyebilir mi?,"Haksız zenginleşen kişi, iyi niyetli ise, yaptığı zorunlu ve yararlı giderleri geri verme isteminde bulunan kişiden isteyebilir. Türk Borçlar Kanunu'nun 80. maddesine göre, zenginleşen iyiniyetli ise, yaptığı zorunlu ve yararlı giderleri, geri verme isteminde bulunandan isteyebilir. Ancak, zenginleşen iyiniyetli değilse, zorunlu giderlerinin ve yararlı giderlerinden sadece geri verme zamanında mevcut olan değer artışının ödenmesini isteyebilir. Yani, kişinin iyi niyetle, yani zenginleşmenin haksız olduğunu bilmeden, yaptığı zorunlu ve yararlı giderleri geri isteme hakkı vardır. Ancak, kötü niyetle, yani zenginleşmenin haksız olduğunu bilerek, yaptığı giderleri geri isteme hakkı yoktur. Bu durumda, yalnızca geri verme zamanında mevcut olan değer artışını geri isteyebilir.","kkı vardır. Ancak, kötü niyetle, yani zenginleşmenin haksız olduğunu bilerek, yaptığı giderleri geri isteme hakkı yoktur. Bu durumda, yalnızca geri verme zamanında mevcut olan değer artışını geri isteyebilir.",1,Haksız zenginleşme ile ilgili hükümler nelerdir?
5,0.6647820472717285,doc_03362_adeae514_chunk_0,doc_03362_adeae514,Ceza Muhakemesi Kanunu,hukuk,Müsadere kararı hangi amaçla verilir?,"Müsadere kararının amacı, suçtan elde edilen veya suçun işlenmesinde kullanılan malvarlığının devlete devredilmesi ve suçun ekonomik olarak cezalandırılmasıdır. Yani, suçtan elde edilen gelirin devlete devredilmesi ve suçu işleyen kişilerin ekonomik olarak cezalandırılması amaçlanır.","Source: Ceza Muhakemesi Kanunu Category: hukuk Question: Müsadere kararı hangi amaçla verilir? Answer: Müsadere kararının amacı, suçtan elde edilen veya suçun işlenmesinde kullanılan malvarlığının devlete devredilmesi ve suçun ekonomik olarak cezalandırılmasıdır. Yani, suçtan elde edilen gelirin devlete devredilmesi ve suçu işleyen kişilerin ekonomik olarak cezalandırılması amaçlanır.",1,Haksız zenginleşme ile ilgili hükümler nelerdir?
1,0.7134948968887329,doc_05427_2989d6d2_chunk_1,doc_05427_2989d6d2,Türk Medeni Kanunu,hukuk,Ölüme bağlı bir tasarrufun geçersiz sayılabileceği durumlar nelerdir?,"Bir ölüme bağlı tasarruf, bazı durumlarda geçersiz sayılabilir. Bunlar arasında, miras bırakıcının tasarruf ehliyeti olmaması, tasarrufun yanılma, aldatma, korkutma veya zorlama sonucunda yapılmış olması, tasarrufun içeriğinin hukuka veya ahlâka aykırı olması veya tasarrufun kanunda öngörülen şekillere uyulmadan yapılmış olması sayılabilir. Örneğin, miras bırakıcının akıl sağlığı yerinde değilse veya tasarrufu yaparken zorlama veya aldatmaya maruz kalmışsa, tasarruf geçersiz olabilir. Ayrıca, tasarrufun hukuka aykırı olması da geçersizliğine neden olabilir. Örneğin, miras bırakıcının mal varlığını tamamen bir hayır kurumuna bırakması, ancak saklı pay hakkına sahip mirasçıları olması durumunda, bu tasarruf kısmen geçersiz olabilir.","neğin, miras bırakıcının mal varlığını tamamen bir hayır kurumuna bırakması, ancak saklı pay hakkına sahip mirasçıları olması durumunda, bu tasarruf kısmen geçersiz olabilir.",2,Miras bırakanın tasarruf özgürlüğü nasıl sınırlandırılır?
2,0.6675558090209961,doc_05585_2713a421_chunk_1,doc_05585_2713a421,Türk Medeni Kanunu,hukuk,Bir kişinin ölümü üzerine varlıklarının ve borçlarının nasıl yönetildiği ve mirasçıların haklarının ne olduğu ile ilgili temel hukuki prensipler nelerdir?,"Miras Hukuku, bir kişinin ölümü üzerine varlıklarının ve borçlarının nasıl yönetildiği ve mirasçıların haklarının ne olduğu ile ilgili temel hukuki prensipleri ele alır. Bu prensipler, mirasın korunması, mirasın kazanılması ve mirasın reddedilmesi gibi konuları kapsar. Ölen kişinin varlıkları ve borçları, miras olarak mirasçılarına geçer ve miras hukuku, bu varlıkların nasıl dağıtılacağı ve borçların nasıl ödeneceği konusunda belirli kurallar sağlar. Mirasçılar, mirasın tamamını devralmayı kabul edebilirler veya reddedebilirler. Mirasın korunması, mirasçıların haklarını korumak ve mirasın değerini korumak için alınan önlemlerdir. Mirasın kazanılması, mirasçılara mirasın nasıl geçeceği ve mirasçılar üzerindeki hakların neler olduğu ile ilgilidir. Mirasın reddedilmesi, mirasçıların mirasın tamamını devralmayı istemedikleri durumlarda uygulanır.","amamını devralmayı kabul edebilirler veya reddedebilirler. Mirasın korunması, mirasçıların haklarını korumak ve mirasın değerini korumak için alınan önlemlerdir. Mirasın kazanılması, mirasçılara mirasın nasıl geçeceği ve mirasçılar üzerindeki hakların neler olduğu ile ilgilidir. Mirasın reddedilmesi, mirasçıların mirasın tamamını devralmayı istemedikleri durumlarda uygulanır.",2,Miras bırakanın tasarruf özgürlüğü nasıl sınırlandırılır?
3,0.6457403898239136,doc_05307_bfed07c8_chunk_0,doc_05307_bfed07c8,Türk Medeni Kanunu,hukuk,Çıkarma sebebi tasarrufta belirtilmemiş veya sebebin varlığı ispat edilememişse tasarruf nasıl yerine getirilir?,"Sebebin varlığı ispat edilememiş veya çıkarma sebebi tasarrufta belirtilmemişse tasarruf, mirasçının saklı payı dışında yerine getirilir. Yani, çıkarma sebebi kanıtlanamadığı takdirde, mirasçı miras payını alır, ancak bu pay saklı payı oranından düşük olabilir. Saklı payın dışında kalan kısımda, miras bırakanın tasarrufları geçerli kabul edilir.","Source: Türk Medeni Kanunu Category: hukuk Question: Çıkarma sebebi tasarrufta belirtilmemiş veya sebebin varlığı ispat edilememişse tasarruf nasıl yerine getirilir? Answer: Sebebin varlığı ispat edilememiş veya çıkarma sebebi tasarrufta belirtilmemişse tasarruf, mirasçının saklı payı dışında yerine getirilir. Yani, çıkarma sebebi kanıtlanamadığı takdirde, mirasçı miras payını alır, ancak bu pay saklı payı oranından düşük olabilir. Saklı payın dışında kalan kısımda, miras bırakanın tasarrufları geçerli kabul edilir.",2,Miras bırakanın tasarruf özgürlüğü nasıl sınırlandırılır?
4,0.6394121646881104,doc_05400_b69b0f3b_chunk_0,doc_05400_b69b0f3b,Türk Medeni Kanunu,hukuk,Bir mirasçının saklı pay hakkı hangi durumlarda zedelenebilir?,"Mirasçının saklı pay hakkı, mirasbırakanın tasarruf edebileceği kısmı aşan tasarruflar yapması durumunda zedelenebilir. Örneğin, mirasbırakanın tüm malvarlığını başka birine bırakarak mirasçılarını tamamen mirasından mahrum bırakması veya saklı paylarını aşacak şekilde mirasçıları arasında malvarlığını dağıtması durumlarında saklı pay zedelenmiş olur.","Source: Türk Medeni Kanunu Category: hukuk Question: Bir mirasçının saklı pay hakkı hangi durumlarda zedelenebilir? Answer: Mirasçının saklı pay hakkı, mirasbırakanın tasarruf edebileceği kısmı aşan tasarruflar yapması durumunda zedelenebilir. Örneğin, mirasbırakanın tüm malvarlığını başka birine bırakarak mirasçılarını tamamen mirasından mahrum bırakması veya saklı paylarını aşacak şekilde mirasçıları arasında malvarlığını dağıtması durumlarında saklı pay zedelenmiş olur.",2,Miras bırakanın tasarruf özgürlüğü nasıl sınırlandırılır?
5,0.6313492059707642,doc_08946_1c899f8f_chunk_0,doc_08946_1c899f8f,Türk Borçlar Kanunu,hukuk,"Saklayan, saklanan mislî eşya veya kıymetli evrak üzerinde tasarrufta bulunabilir mi?","Saklayan, saklatan tarafından kendisine açıkça yetki verilmedikçe, saklanan diğer mislî eşya veya kıymetli evrak üzerinde tasarrufta bulunamaz. Bu, saklayanın, saklatanın izni olmadan saklanan eşyaların değerini kullanma veya artırma hakkına sahip olmadığını gösterir.","Source: Türk Borçlar Kanunu Category: hukuk Question: Saklayan, saklanan mislî eşya veya kıymetli evrak üzerinde tasarrufta bulunabilir mi? Answer: Saklayan, saklatan tarafından kendisine açıkça yetki verilmedikçe, saklanan diğer mislî eşya veya kıymetli evrak üzerinde tasarrufta bulunamaz. Bu, saklayanın, saklatanın izni olmadan saklanan eşyaların değerini kullanma veya artırma hakkına sahip olmadığını gösterir.",2,Miras bırakanın tasarruf özgürlüğü nasıl sınırlandırılır?
1,0.8081365823745728,doc_01885_c414418e_chunk_0,doc_01885_c414418e,Ceza Muhakemesi Kanunu,hukuk,Gözaltına alma kararının verilmesi için hangi şartlar aranır?,"Gözaltına alma, bu tedbirin soruşturma yönünden zorunlu olmasına ve kişinin bir suçu işlediği şüphesini gösteren somut delillerin varlığına bağlıdır.","Source: Ceza Muhakemesi Kanunu Category: hukuk Question: Gözaltına alma kararının verilmesi için hangi şartlar aranır? Answer: Gözaltına alma, bu tedbirin soruşturma yönünden zorunlu olmasına ve kişinin bir suçu işlediği şüphesini gösteren somut delillerin varlığına bağlıdır.",3,Ceza muhakemesinde tutuklama şartları nelerdir?
2,0.8026819229125977,doc_02037_535d6daf_chunk_0,doc_02037_535d6daf,Ceza Muhakemesi Kanunu,hukuk,Kanunda tutuklama yasağı olan durumlarda hangi yasal düzenlemeler uygulanabilir?,"Kanunda tutuklama yasağı öngörülen durumlarda da, adlî kontrole ilişkin hükümler uygulanabilir. Örneğin, hamile olan veya doğurduğu tarihten itibaren altı ay geçmemiş bulunan kadın şüphelinin, ağır bir hastalık veya engellilik nedeniyle ceza infaz kurumu koşullarında hayatını yalnız idame ettiremediği durumlarda tutuklama yasağı bulunmaktadır. Bu gibi durumlarda, şüphelinin adlî kontrol altına alınması tercih edilebilir.","Source: Ceza Muhakemesi Kanunu Category: hukuk Question: Kanunda tutuklama yasağı olan durumlarda hangi yasal düzenlemeler uygulanabilir? Answer: Kanunda tutuklama yasağı öngörülen durumlarda da, adlî kontrole ilişkin hükümler uygulanabilir. Örneğin, hamile olan veya doğurduğu tarihten itibaren altı ay geçmemiş bulunan kadın şüphelinin, ağır bir hastalık veya engellilik nedeniyle ceza infaz kurumu koşullarında hayatını yalnız idame ettiremediği durumlarda tutuklama yasağı bulunmaktadır. Bu gibi durumlarda, şüphelinin adlî kontrol altına alınması tercih edilebilir.",3,Ceza muhakemesinde tutuklama şartları nelerdir?
3,0.800031840801239,doc_01917_6be9c3f9_chunk_0,doc_01917_6be9c3f9,Ceza Muhakemesi Kanunu,hukuk,Gözaltına alma kararı verilmesi için hangi koşulların sağlanması gerekir?,"Gözaltına alma kararı, bu tedbirin soruşturma yönünden zorunlu olmasına ve kişinin bir suçu işlediği şüphesini gösteren somut delillerin varlığına bağlıdır. Gözaltına alma kararı, sadece soruşturmanın gerektirdiği durumlarda verilebilir ve kişinin suçu işlediğine dair somut deliller olmalıdır. Keyfi veya gerekçesiz gözaltına alma uygulamalarına izin verilmez.","Source: Ceza Muhakemesi Kanunu Category: hukuk Question: Gözaltına alma kararı verilmesi için hangi koşulların sağlanması gerekir? Answer: Gözaltına alma kararı, bu tedbirin soruşturma yönünden zorunlu olmasına ve kişinin bir suçu işlediği şüphesini gösteren somut delillerin varlığına bağlıdır. Gözaltına alma kararı, sadece soruşturmanın gerektirdiği durumlarda verilebilir ve kişinin suçu işlediğine dair somut deliller olmalıdır. Keyfi veya gerekçesiz gözaltına alma uygulamalarına izin verilmez.",3,Ceza muhakemesinde tutuklama şartları nelerdir?
4,0.7971028685569763,doc_01934_ce84e322_chunk_0,doc_01934_ce84e322,Ceza Muhakemesi Kanunu,hukuk,Hangi durumlarda yakalanan veya tutuklanan kişilere kelepçe takılabilir?,"Yakalanan veya tutuklanarak bir yerden diğer bir yere nakledilen kişilere, kaçacaklarına ya da kendisi veya başkalarının hayat ve beden bütünlükleri bakımından tehlike arz ettiğine ilişkin belirtilerin varlığı hâllerinde kelepçe takılabilir. Kelepçe takma işlemi, sadece güvenlik gerekçesiyle ve mutlaka gerekli olduğu durumlarda yapılabilir. Bu işlemin, kişinin temel haklarının korunması ve insan onuruna saygılı bir şekilde gerçekleştirilmesi gerekir.","Source: Ceza Muhakemesi Kanunu Category: hukuk Question: Hangi durumlarda yakalanan veya tutuklanan kişilere kelepçe takılabilir? Answer: Yakalanan veya tutuklanarak bir yerden diğer bir yere nakledilen kişilere, kaçacaklarına ya da kendisi veya başkalarının hayat ve beden bütünlükleri bakımından tehlike arz ettiğine ilişkin belirtilerin varlığı hâllerinde kelepçe takılabilir. Kelepçe takma işlemi, sadece güvenlik gerekçesiyle ve mutlaka gerekli olduğu durumlarda yapılabilir. Bu işlemin, kişinin temel haklarının korunması ve insan onuruna saygılı bir şekilde gerçekleştirilmesi gerekir.",3,Ceza muhakemesinde tutuklama şartları nelerdir?
5,0.7928048968315125,doc_01976_64bc05aa_chunk_0,doc_01976_64bc05aa,Ceza Muhakemesi Kanunu,hukuk,Tutuklananın durumu yakınlarına nasıl bildirilir?,"Tutuklamadan ve tutuklamanın uzatılmasına ilişkin her karardan tutuklunun bir yakınına veya belirlediği bir kişiye, hâkimin kararıyla gecikmeksizin haber verilir.","Source: Ceza Muhakemesi Kanunu Category: hukuk Question: Tutuklananın durumu yakınlarına nasıl bildirilir? Answer: Tutuklamadan ve tutuklamanın uzatılmasına ilişkin her karardan tutuklunun bir yakınına veya belirlediği bir kişiye, hâkimin kararıyla gecikmeksizin haber verilir.",3,Ceza muhakemesinde tutuklama şartları nelerdir?
1,0.687275230884552,doc_00711_a31eccd9_chunk_0,doc_00711_a31eccd9,Türkiye Cumhuriyeti Anayasası,hukuk,Bir devletin şekli nasıl tanımlanır?,"Bir devletin şekli, yönetim biçimini ifade eder. Örneğin, bir devlet cumhuriyet, monarşi veya teokrasi olabilir. Cumhuriyet, halkın seçtiği temsilciler tarafından yönetilen bir devlet biçimidir. Monarşi ise, hükümdarın kalıtsal olarak yönettiği bir devlet biçimidir. Teokrasi ise, dini liderlerin yönetimde söz sahibi olduğu bir devlet biçimidir.","Source: Türkiye Cumhuriyeti Anayasası Category: hukuk Question: Bir devletin şekli nasıl tanımlanır? Answer: Bir devletin şekli, yönetim biçimini ifade eder. Örneğin, bir devlet cumhuriyet, monarşi veya teokrasi olabilir. Cumhuriyet, halkın seçtiği temsilciler tarafından yönetilen bir devlet biçimidir. Monarşi ise, hükümdarın kalıtsal olarak yönettiği bir devlet biçimidir. Teokrasi ise, dini liderlerin yönetimde söz sahibi olduğu bir devlet biçimidir.",4,Anayasa'ya göre devletin şekli nedir?
2,0.6798756718635559,doc_00736_843f16c1_chunk_0,doc_00736_843f16c1,Türkiye Cumhuriyeti Anayasası,hukuk,Demokratik devlet ne anlama gelir?,"Demokratik devlet, halkın yönetime katılımını ve iradesinin üstünlüğünü temel alan bir devlettir. Demokratik bir devlet, halkın seçtiği temsilciler tarafından yönetilir, temel hak ve özgürlükleri korur, halkın iradesinin etkili bir şekilde temsil edilmesini sağlar ve yönetimin hesap verebilirliğini sağlar.","Source: Türkiye Cumhuriyeti Anayasası Category: hukuk Question: Demokratik devlet ne anlama gelir? Answer: Demokratik devlet, halkın yönetime katılımını ve iradesinin üstünlüğünü temel alan bir devlettir. Demokratik bir devlet, halkın seçtiği temsilciler tarafından yönetilir, temel hak ve özgürlükleri korur, halkın iradesinin etkili bir şekilde temsil edilmesini sağlar ve yönetimin hesap verebilirliğini sağlar.",4,Anayasa'ya göre devletin şekli nedir?
3,0.654527485370636,doc_00367_4a7a04b4_chunk_0,doc_00367_4a7a04b4,Türkiye Cumhuriyeti Anayasası,hukuk,Bu tür kurumların devlet denetimi nasıl yapılır?,"Bu tür kurumlar üzerinde devlet denetimi, genellikle yasal çerçeveye uygun olarak yapılır ve kurumların amacına uygun bir şekilde faaliyet göstermesini sağlamak amacıyla uygulanır. Devlet, kurumların mali durumunu, faaliyetlerini ve etik davranışlarını denetler. Devlet ayrıca, kurumların yasalara ve yönetmeliklere uygun bir şekilde çalışmasını sağlar.","Source: Türkiye Cumhuriyeti Anayasası Category: hukuk Question: Bu tür kurumların devlet denetimi nasıl yapılır? Answer: Bu tür kurumlar üzerinde devlet denetimi, genellikle yasal çerçeveye uygun olarak yapılır ve kurumların amacına uygun bir şekilde faaliyet göstermesini sağlamak amacıyla uygulanır. Devlet, kurumların mali durumunu, faaliyetlerini ve etik davranışlarını denetler. Devlet ayrıca, kurumların yasalara ve yönetmeliklere uygun bir şekilde çalışmasını sağlar.",4,Anayasa'ya göre devletin şekli nedir?
4,0.6368415355682373,doc_00032_583c6c4a_chunk_0,doc_00032_583c6c4a,Türkiye Cumhuriyeti Anayasası,hukuk,"Bir Anayasa'da, ülkenin yönetim yetkisinin kimde olduğuna dair nasıl bir açıklama bulunabilir?","Bir Anayasa, ülkenin yönetim yetkisinin kayıtsız şartsız halkta olduğunu belirterek, halkın egemenliğinin temel ilkesini vurgular. Bu, hiçbir kişi veya kuruluşun Anayasanın sınırları dışında halkın adına yönetim yetkisini kullanamayacağı anlamına gelir. Anayasa, halkın iradesinin üstünlüğünü ve halkın temsilcilerine verdiği yetkinin sınırlarını belirler.","Source: Türkiye Cumhuriyeti Anayasası Category: hukuk Question: Bir Anayasa'da, ülkenin yönetim yetkisinin kimde olduğuna dair nasıl bir açıklama bulunabilir? Answer: Bir Anayasa, ülkenin yönetim yetkisinin kayıtsız şartsız halkta olduğunu belirterek, halkın egemenliğinin temel ilkesini vurgular. Bu, hiçbir kişi veya kuruluşun Anayasanın sınırları dışında halkın adına yönetim yetkisini kullanamayacağı anlamına gelir. Anayasa, halkın iradesinin üstünlüğünü ve halkın temsilcilerine verdiği yetkinin sınırlarını belirler.",4,Anayasa'ya göre devletin şekli nedir?
5,0.6350888013839722,doc_00047_a20dbd86_chunk_0,doc_00047_a20dbd86,Türkiye Cumhuriyeti Anayasası,hukuk,"Yönetim yetkisinin halkta olması, bir Anayasa'da ne anlama gelir?","Bir Anayasa, yönetim yetkisinin halkta olduğunu belirterek, hiçbir kişi veya kuruluşun Anayasada belirtilen sınırlar dışında bu yetkiyi kullanamayacağını vurgular. Bu, halkın egemenliğinin temel ilkesinin Anayasa'da yer aldığını ve yönetim yetkisinin halkın iradesine dayandığını gösterir. Anayasa, halkın temsilcilerine verdiği yetkinin sınırlarını belirterek, halkın iradesinin üstünlüğünü korur.","Source: Türkiye Cumhuriyeti Anayasası Category: hukuk Question: Yönetim yetkisinin halkta olması, bir Anayasa'da ne anlama gelir? Answer: Bir Anayasa, yönetim yetkisinin halkta olduğunu belirterek, hiçbir kişi veya kuruluşun Anayasada belirtilen sınırlar dışında bu yetkiyi kullanamayacağını vurgular. Bu, halkın egemenliğinin temel ilkesinin Anayasa'da yer aldığını ve yönetim yetkisinin halkın iradesine dayandığını gösterir. Anayasa, halkın temsilcilerine verdiği yetkinin sınırlarını belirterek, halkın iradesinin üstünlüğünü korur.",4,Anayasa'ya göre devletin şekli nedir?
1,0.693462610244751,doc_05192_7eb9ceb3_chunk_0,doc_05192_7eb9ceb3,Türk Medeni Kanunu,hukuk,"Vasiyetnamede belirtilen miras payları, mirasçılara zorunlu miras payından az olabilir mi?","Hayır, vasiyetnamede belirtilen miras payları, mirasçılara zorunlu miras payından az olamaz. Zorunlu miras payı, mirasçının miras bırakanın mal varlığından en azından alabileceği paydır.","Source: Türk Medeni Kanunu Category: hukuk Question: Vasiyetnamede belirtilen miras payları, mirasçılara zorunlu miras payından az olabilir mi? Answer: Hayır, vasiyetnamede belirtilen miras payları, mirasçılara zorunlu miras payından az olamaz. Zorunlu miras payı, mirasçının miras bırakanın mal varlığından en azından alabileceği paydır.",5,Aile yurdu ile ilgili malik üzerindeki sınırlamalar nelerdir?
2,0.6737171411514282,doc_05296_c3ec5dcc_chunk_0,doc_05296_c3ec5dcc,Türk Medeni Kanunu,hukuk,Sağ kalan eş için saklı pay oranı nedir?,"Sağ kalan eş için saklı pay oranı, altsoy veya ana ve baba zümresiyle birlikte mirasçı olması hâlinde yasal miras payının tamamı, diğer hâllerde yasal miras payının dörtte üçüdür. Sağ kalan eşin miras payı, altsoy veya ana ve baba ile birlikte mirasçı olması halinde daha yüksektir, çünkü bu durumda eşin miras bırakanın ölümü sonrası yaşamını sürdürebilmesi için daha fazla desteğe ihtiyacı vardır. Diğer durumlarda ise, eşin miras payı dörtte üçü ile sınırlıdır.","Source: Türk Medeni Kanunu Category: hukuk Question: Sağ kalan eş için saklı pay oranı nedir? Answer: Sağ kalan eş için saklı pay oranı, altsoy veya ana ve baba zümresiyle birlikte mirasçı olması hâlinde yasal miras payının tamamı, diğer hâllerde yasal miras payının dörtte üçüdür. Sağ kalan eşin miras payı, altsoy veya ana ve baba ile birlikte mirasçı olması halinde daha yüksektir, çünkü bu durumda eşin miras bırakanın ölümü sonrası yaşamını sürdürebilmesi için daha fazla desteğe ihtiyacı vardır. Diğer durumlarda ise, eşin miras payı dörtte üçü ile sınırlıdır.",5,Aile yurdu ile ilgili malik üzerindeki sınırlamalar nelerdir?
3,0.6643812656402588,doc_05194_59a842bb_chunk_0,doc_05194_59a842bb,Türk Medeni Kanunu,hukuk,Zorunlu miras payının oranı nedir?,"Zorunlu miras payının oranı, mirasçıların kategorisine göre değişir. Altsoya mirasın yarısı, ana ve babaya mirasın dörtte biri, evlilik dışı çocuğa ise mirasın dörtte biri zorunlu olarak bırakılmalıdır.","Source: Türk Medeni Kanunu Category: hukuk Question: Zorunlu miras payının oranı nedir? Answer: Zorunlu miras payının oranı, mirasçıların kategorisine göre değişir. Altsoya mirasın yarısı, ana ve babaya mirasın dörtte biri, evlilik dışı çocuğa ise mirasın dörtte biri zorunlu olarak bırakılmalıdır.",5,Aile yurdu ile ilgili malik üzerindeki sınırlamalar nelerdir?
4,0.6602861881256104,doc_04625_880d603b_chunk_0,doc_04625_880d603b,Türk Medeni Kanunu,hukuk,Aile vakfı kurarken kişiler hukuku ve miras hukuku hükümleri nasıl uygulanır?,"Aile vakfı kurulurken, kişiler hukuku ve miras hukuku hükümleri vakfın kuruluş şekli, yönetimi, mal varlıklarının yönetimi ve mirasçılara olanaklar gibi konularda yol gösterir. Kişiler hukuku, vakfın kuruluşu ve tüzel kişiliğiyle ilgili hükümleri içerirken, miras hukuku, mirasın nasıl devredileceği ve vakıf mal varlıklarının mirasçılara dağıtımı gibi hususları düzenler. Örneğin, kişiler hukuku, vakfın yönetim organlarının nasıl seçileceği ve yetkilerinin ne olacağı gibi konularda kurallar belirlerken, miras hukuku, vakfın mal varlıklarının mirasçılara dağıtımının nasıl yapılacağı ve mirasın nasıl devredileceği gibi hususları düzenler.","Source: Türk Medeni Kanunu Category: hukuk Question: Aile vakfı kurarken kişiler hukuku ve miras hukuku hükümleri nasıl uygulanır? Answer: Aile vakfı kurulurken, kişiler hukuku ve miras hukuku hükümleri vakfın kuruluş şekli, yönetimi, mal varlıklarının yönetimi ve mirasçılara olanaklar gibi konularda yol gösterir. Kişiler hukuku, vakfın kuruluşu ve tüzel kişiliğiyle ilgili hükümleri içerirken, miras hukuku, mirasın nasıl devredileceği ve vakıf mal varlıklarının mirasçılara dağıtımı gibi hususları düzenler. Örneğin, kişiler hukuku, vakfın yönetim organlarının nasıl seçileceği ve yetkilerinin ne olacağı gibi konularda kurallar belirlerken, miras hukuku, vakfın mal varlıklarının mirasçılara dağıtımının nasıl yapılacağı ve mirasın nasıl devredileceği gibi hususları düzenler.",5,Aile yurdu ile ilgili malik üzerindeki sınırlamalar nelerdir?
5,0.6545537710189819,doc_05447_d259ce13_chunk_0,doc_05447_d259ce13,Türk Medeni Kanunu,hukuk,Mirası artmirasçıya geçirme yükümlülüğü ile saklı payı zedelenen mirasçı ne isteyebilir?,"Mirası artmirasçıya geçirme yükümlülüğü ile saklı payı zedelenen mirasçı, aşan kısmın tenkisini isteyebilir. Artmirasçı, mirasbırakanın ölümünden sonra mirasın tamamını veya bir kısmını alan kişidir. Örneğin, mirasbırakanın çocuğuna mirasın tamamını bıraktığı, ancak evlatlık çocuğuna da mirasın geçmesi gerektiği koşulunu koyduğu varsayalım. Bu durumda, çocuğun miras hakkı tenkise tabi olabilir.","Source: Türk Medeni Kanunu Category: hukuk Question: Mirası artmirasçıya geçirme yükümlülüğü ile saklı payı zedelenen mirasçı ne isteyebilir? Answer: Mirası artmirasçıya geçirme yükümlülüğü ile saklı payı zedelenen mirasçı, aşan kısmın tenkisini isteyebilir. Artmirasçı, mirasbırakanın ölümünden sonra mirasın tamamını veya bir kısmını alan kişidir. Örneğin, mirasbırakanın çocuğuna mirasın tamamını bıraktığı, ancak evlatlık çocuğuna da mirasın geçmesi gerektiği koşulunu koyduğu varsayalım. Bu durumda, çocuğun miras hakkı tenkise tabi olabilir.",5,Aile yurdu ile ilgili malik üzerindeki sınırlamalar nelerdir?
