rank,hybrid_score,dense_score,bm25_score,chunk_id,doc_id,source,category,question,answer,chunk_text,test_query_index,test_query_text
1,0.8241827034249323,0.7005964517593384,21.88642925866105,doc_08831_088fa685_chunk_0,doc_08831_088fa685,Türk Borçlar Kanunu,hukuk,Sebepsiz zenginleşme ile ilgili hangi hukuka aykırı sonuçlar ortaya çıkabilir?,"Sebepsiz zenginleşme ile ilgili hukuka aykırı sonuçlar, örneğin bir suçun işlenmesi veya haksız rekabetin ortaya çıkması gibi durumlar olabilir. Örneğin, bir kişi, başkasının malını çalarak zenginleşirse, bu durum hem haksız zenginleşme hem de hırsızlık suçuna yol açabilir.","Source: Türk Borçlar Kanunu Category: hukuk Question: Sebepsiz zenginleşme ile ilgili hangi hukuka aykırı sonuçlar ortaya çıkabilir? Answer: Sebepsiz zenginleşme ile ilgili hukuka aykırı sonuçlar, örneğin bir suçun işlenmesi veya haksız rekabetin ortaya çıkması gibi durumlar olabilir. Örneğin, bir kişi, başkasının malını çalarak zenginleşirse, bu durum hem haksız zenginleşme hem de hırsızlık suçuna yol açabilir.",1,Haksız zenginleşme ile ilgili hükümler nelerdir?
2,0.5,0.0,25.83624297603503,doc_08869_bcd59b52_chunk_0,doc_08869_bcd59b52,Türk Borçlar Kanunu,hukuk,Haksız zenginleşme ile ilgili hangi uluslararası sözleşmeler önemlidir?,"Bu konuda önemli uluslararası sözleşmeler, Avrupa Birliği'nin tüketici koruma sözleşmeleri veya uluslararası özel hukuk sözleşmeleri olabilir. Avrupa Birliği'nin tüketici koruma sözleşmeleri, haksız zenginleşme ile ilgili bazı hükümler içerebilir, özellikle tüketicilerle ilgili konularda. Uluslararası özel hukuk sözleşmeleri ise, farklı ülkelerin hukuk sistemleri arasında çakışma durumlarında uygulanacak kuralları belirler. Bu sözleşmeler, haksız zenginleşme ile ilgili bazı kavramları ve hukuki sonuçları düzenleyebilir.","Source: Türk Borçlar Kanunu Category: hukuk Question: Haksız zenginleşme ile ilgili hangi uluslararası sözleşmeler önemlidir? Answer: Bu konuda önemli uluslararası sözleşmeler, Avrupa Birliği'nin tüketici koruma sözleşmeleri veya uluslararası özel hukuk sözleşmeleri olabilir. Avrupa Birliği'nin tüketici koruma sözleşmeleri, haksız zenginleşme ile ilgili bazı hükümler içerebilir, özellikle tüketicilerle ilgili konularda. Uluslararası özel hukuk sözleşmeleri ise, farklı ülkelerin hukuk sistemleri arasında çakışma durumlarında uygulanacak kuralları belirler. Bu sözleşmeler, haksız zenginleşme ile ilgili bazı kavramları ve hukuki sonuçları düzenleyebilir.",1,Haksız zenginleşme ile ilgili hükümler nelerdir?
3,0.4155940724966241,0.6863272190093994,0.0,doc_08875_53c2cc7e_chunk_1,doc_08875_53c2cc7e,Türk Borçlar Kanunu,hukuk,Haksız zenginleşme ile ilgili hangi sorunlar ortaya çıkabilir?,"Haksız zenginleşmenin tespiti, haksız zenginleşmenin geri verilmesi kapsamının belirlenmesi, zamanaşımının hesaplanması, iyi niyetin ispatı gibi sorunlar ortaya çıkabilir. Haksız zenginleşmenin tespiti, haksız zenginleşmenin gerçekleşip gerçekleşmediğinin belirlenmesi, haksız zenginleşen kişinin kim olduğu, haksız zenginleşmenin nedeni ve haksız zenginleşmenin büyüklüğünün belirlenmesi gibi konuları içerir. Haksız zenginleşmenin geri verilmesi kapsamının belirlenmesi, haksız zenginleşen kişinin ne kadar geri vermesi gerektiğinin belirlenmesi gibi konuları içerir. Zamanaşımının hesaplanması, talep hakkının zamanaşımına uğrayıp uğramadığının belirlenmesi gibi konuları içerir. İyi niyetin ispatı, haksız zenginleşen kişinin, zenginleşmenin haksız olduğunu bilmeden elde edip etmediğinin belirlenmesi gibi konuları içerir.","naşımının hesaplanması, talep hakkının zamanaşımına uğrayıp uğramadığının belirlenmesi gibi konuları içerir. İyi niyetin ispatı, haksız zenginleşen kişinin, zenginleşmenin haksız olduğunu bilmeden elde edip etmediğinin belirlenmesi gibi konuları içerir.",1,Haksız zenginleşme ile ilgili hükümler nelerdir?
4,0.3766245808755866,0.679739236831665,0.0,doc_06946_4d69a544_chunk_0,doc_06946_4d69a544,Türk Medeni Kanunu,hukuk,"Hediye aynen veya mislen geri verilemiyorsa, sebepsiz zenginleşme hükümleri neden uygulanır?","Sebepsiz zenginleşme hükümleri, bir tarafın diğerinin kaybından faydalanmasını engellemek ve adaletli bir denge oluşturmak için uygulanır.","Source: Türk Medeni Kanunu Category: hukuk Question: Hediye aynen veya mislen geri verilemiyorsa, sebepsiz zenginleşme hükümleri neden uygulanır? Answer: Sebepsiz zenginleşme hükümleri, bir tarafın diğerinin kaybından faydalanmasını engellemek ve adaletli bir denge oluşturmak için uygulanır.",1,Haksız zenginleşme ile ilgili hükümler nelerdir?
5,0.372060840470054,0.6789677143096924,0.0,doc_08850_92bd892d_chunk_1,doc_08850_92bd892d,Türk Borçlar Kanunu,hukuk,Haksız zenginleşen kişi yaptığı masrafları geri isteyebilir mi?,"Haksız zenginleşen kişi, iyi niyetli ise, yaptığı zorunlu ve yararlı giderleri geri verme isteminde bulunan kişiden isteyebilir. Türk Borçlar Kanunu'nun 80. maddesine göre, zenginleşen iyiniyetli ise, yaptığı zorunlu ve yararlı giderleri, geri verme isteminde bulunandan isteyebilir. Ancak, zenginleşen iyiniyetli değilse, zorunlu giderlerinin ve yararlı giderlerinden sadece geri verme zamanında mevcut olan değer artışının ödenmesini isteyebilir. Yani, kişinin iyi niyetle, yani zenginleşmenin haksız olduğunu bilmeden, yaptığı zorunlu ve yararlı giderleri geri isteme hakkı vardır. Ancak, kötü niyetle, yani zenginleşmenin haksız olduğunu bilerek, yaptığı giderleri geri isteme hakkı yoktur. Bu durumda, yalnızca geri verme zamanında mevcut olan değer artışını geri isteyebilir.","kkı vardır. Ancak, kötü niyetle, yani zenginleşmenin haksız olduğunu bilerek, yaptığı giderleri geri isteme hakkı yoktur. Bu durumda, yalnızca geri verme zamanında mevcut olan değer artışını geri isteyebilir.",1,Haksız zenginleşme ile ilgili hükümler nelerdir?
1,0.5,0.7134948968887329,0.0,doc_05427_2989d6d2_chunk_1,doc_05427_2989d6d2,Türk Medeni Kanunu,hukuk,Ölüme bağlı bir tasarrufun geçersiz sayılabileceği durumlar nelerdir?,"Bir ölüme bağlı tasarruf, bazı durumlarda geçersiz sayılabilir. Bunlar arasında, miras bırakıcının tasarruf ehliyeti olmaması, tasarrufun yanılma, aldatma, korkutma veya zorlama sonucunda yapılmış olması, tasarrufun içeriğinin hukuka veya ahlâka aykırı olması veya tasarrufun kanunda öngörülen şekillere uyulmadan yapılmış olması sayılabilir. Örneğin, miras bırakıcının akıl sağlığı yerinde değilse veya tasarrufu yaparken zorlama veya aldatmaya maruz kalmışsa, tasarruf geçersiz olabilir. Ayrıca, tasarrufun hukuka aykırı olması da geçersizliğine neden olabilir. Örneğin, miras bırakıcının mal varlığını tamamen bir hayır kurumuna bırakması, ancak saklı pay hakkına sahip mirasçıları olması durumunda, bu tasarruf kısmen geçersiz olabilir.","neğin, miras bırakıcının mal varlığını tamamen bir hayır kurumuna bırakması, ancak saklı pay hakkına sahip mirasçıları olması durumunda, bu tasarruf kısmen geçersiz olabilir.",2,Miras bırakanın tasarruf özgürlüğü nasıl sınırlandırılır?
2,0.5,0.0,22.860149741123497,doc_05311_ecc9bb1b_chunk_0,doc_05311_ecc9bb1b,Türk Medeni Kanunu,hukuk,"Bir miras bırakan, malvarlığının tamamında veya bir kısmında nasıl tasarruf edebilir?","Bir miras bırakan, tasarruf özgürlüğünün sınırları içinde, malvarlığının tamamında veya bir kısmında vasiyetname ya da miras sözleşmesiyle tasarrufta bulunabilir. Vasiyetname, miras bırakanın ölümünden sonra malvarlığının nasıl paylaştırılacağını belirleyen bir belgedir. Miras sözleşmesi ise, miras bırakanın yaşarken, mirasını nasıl paylaştıracağına dair bir anlaşma yapmasını sağlar. Her iki durumda da, miras bırakan, malvarlığının tamamında veya bir kısmında dilediği gibi tasarruf edebilir.","Source: Türk Medeni Kanunu Category: hukuk Question: Bir miras bırakan, malvarlığının tamamında veya bir kısmında nasıl tasarruf edebilir? Answer: Bir miras bırakan, tasarruf özgürlüğünün sınırları içinde, malvarlığının tamamında veya bir kısmında vasiyetname ya da miras sözleşmesiyle tasarrufta bulunabilir. Vasiyetname, miras bırakanın ölümünden sonra malvarlığının nasıl paylaştırılacağını belirleyen bir belgedir. Miras sözleşmesi ise, miras bırakanın yaşarken, mirasını nasıl paylaştıracağına dair bir anlaşma yapmasını sağlar. Her iki durumda da, miras bırakan, malvarlığının tamamında veya bir kısmında dilediği gibi tasarruf edebilir.",2,Miras bırakanın tasarruf özgürlüğü nasıl sınırlandırılır?
3,0.4985579240017924,0.6194385290145874,21.323692841008267,doc_05299_c707d08d_chunk_0,doc_05299_c707d08d,Türk Medeni Kanunu,hukuk,Miras bırakanın sağlararası karşılıksız kazandırmaları tasarruf edilebilir kısım hesabında nasıl dikkate alınır?,"Miras bırakanın sağlararası karşılıksız kazandırmaları, tenkise tabi oldukları ölçüde, tasarruf edilebilir kısmın hesabında terekeye eklenir. Sağlararası karşılıksız kazandırma, bir kişinin karşılık beklemeden bir başkasına mal veya para vermesi durumudur. Bu durum, miras bırakanın ölümünden sonra saklı paylı mirasçılar tarafından tenkis davası açılarak, kazandırılan malın değeri miras bırakanın ölüm günü itibarıyla hesaplanarak terekeye eklenmesini ve mirasın yeniden paylaştırılmasını talep edebilmeleri anlamına gelir.","Source: Türk Medeni Kanunu Category: hukuk Question: Miras bırakanın sağlararası karşılıksız kazandırmaları tasarruf edilebilir kısım hesabında nasıl dikkate alınır? Answer: Miras bırakanın sağlararası karşılıksız kazandırmaları, tenkise tabi oldukları ölçüde, tasarruf edilebilir kısmın hesabında terekeye eklenir. Sağlararası karşılıksız kazandırma, bir kişinin karşılık beklemeden bir başkasına mal veya para vermesi durumudur. Bu durum, miras bırakanın ölümünden sonra saklı paylı mirasçılar tarafından tenkis davası açılarak, kazandırılan malın değeri miras bırakanın ölüm günü itibarıyla hesaplanarak terekeye eklenmesini ve mirasın yeniden paylaştırılmasını talep edebilmeleri anlamına gelir.",2,Miras bırakanın tasarruf özgürlüğü nasıl sınırlandırılır?
4,0.446445239184967,0.0,22.194831425436714,doc_05297_e576c608_chunk_0,doc_05297_e576c608,Türk Medeni Kanunu,hukuk,Tasarruf edilebilir kısım ne zaman hesaplanır?,"Tasarruf edilebilir kısım, terekenin miras bırakanın ölüm günü itibarıyla durumuna göre hesaplanır. Yani, miras bırakanın ölümünden sonra terekenin değeri hesaplanır ve bu değerden miras bırakanın borçları, cenaze giderleri, terekenin mühürlenmesi ve yazımı giderleri, miras bırakan ile birlikte yaşayan ve onun tarafından bakılan kimselerin üç aylık geçim giderleri çıkarılır. Kalan kısım, miras bırakanın tasarruf edebileceği kısım olarak kabul edilir.","Source: Türk Medeni Kanunu Category: hukuk Question: Tasarruf edilebilir kısım ne zaman hesaplanır? Answer: Tasarruf edilebilir kısım, terekenin miras bırakanın ölüm günü itibarıyla durumuna göre hesaplanır. Yani, miras bırakanın ölümünden sonra terekenin değeri hesaplanır ve bu değerden miras bırakanın borçları, cenaze giderleri, terekenin mühürlenmesi ve yazımı giderleri, miras bırakan ile birlikte yaşayan ve onun tarafından bakılan kimselerin üç aylık geçim giderleri çıkarılır. Kalan kısım, miras bırakanın tasarruf edebileceği kısım olarak kabul edilir.",2,Miras bırakanın tasarruf özgürlüğü nasıl sınırlandırılır?
5,0.3977949369034542,0.0,21.590441886971945,doc_05249_936d14f6_chunk_0,doc_05249_936d14f6,Türk Medeni Kanunu,hukuk,Miras bırakanın mirasının tamamında tasarruf edebilmesi için hangi şartın gerçekleşmesi gerekir?,"Miras bırakanın mirasının tamamında tasarruf edebilmesi için, mirasçı olarak altsoyu, ana ve babası veya eşi olmamalıdır. Yani, miras bırakanın yasal mirasçısı yoksa, tüm mirasını kendi isteğine göre mirasçılarına bırakabilir.","Source: Türk Medeni Kanunu Category: hukuk Question: Miras bırakanın mirasının tamamında tasarruf edebilmesi için hangi şartın gerçekleşmesi gerekir? Answer: Miras bırakanın mirasının tamamında tasarruf edebilmesi için, mirasçı olarak altsoyu, ana ve babası veya eşi olmamalıdır. Yani, miras bırakanın yasal mirasçısı yoksa, tüm mirasını kendi isteğine göre mirasçılarına bırakabilir.",2,Miras bırakanın tasarruf özgürlüğü nasıl sınırlandırılır?
1,0.5,0.0,16.31559776223101,doc_01749_7ce25189_chunk_0,doc_01749_7ce25189,Ceza Muhakemesi Kanunu,hukuk,Ceza muhakemesinde delil çeşitleri nelerdir?,"Ceza muhakemesinde, tanık beyanları, fiziki deliller, yazılı deliller ve uzman görüşleri gibi delil çeşitleri kullanılır.","Source: Ceza Muhakemesi Kanunu Category: hukuk Question: Ceza muhakemesinde delil çeşitleri nelerdir? Answer: Ceza muhakemesinde, tanık beyanları, fiziki deliller, yazılı deliller ve uzman görüşleri gibi delil çeşitleri kullanılır.",3,Ceza muhakemesinde tutuklama şartları nelerdir?
2,0.5,0.8081365823745728,0.0,doc_01885_c414418e_chunk_0,doc_01885_c414418e,Ceza Muhakemesi Kanunu,hukuk,Gözaltına alma kararının verilmesi için hangi şartlar aranır?,"Gözaltına alma, bu tedbirin soruşturma yönünden zorunlu olmasına ve kişinin bir suçu işlediği şüphesini gösteren somut delillerin varlığına bağlıdır.","Source: Ceza Muhakemesi Kanunu Category: hukuk Question: Gözaltına alma kararının verilmesi için hangi şartlar aranır? Answer: Gözaltına alma, bu tedbirin soruşturma yönünden zorunlu olmasına ve kişinin bir suçu işlediği şüphesini gösteren somut delillerin varlığına bağlıdır.",3,Ceza muhakemesinde tutuklama şartları nelerdir?
3,0.44238597631072313,0.8026819229125977,8.678434319517564,doc_02037_535d6daf_chunk_0,doc_02037_535d6daf,Ceza Muhakemesi Kanunu,hukuk,Kanunda tutuklama yasağı olan durumlarda hangi yasal düzenlemeler uygulanabilir?,"Kanunda tutuklama yasağı öngörülen durumlarda da, adlî kontrole ilişkin hükümler uygulanabilir. Örneğin, hamile olan veya doğurduğu tarihten itibaren altı ay geçmemiş bulunan kadın şüphelinin, ağır bir hastalık veya engellilik nedeniyle ceza infaz kurumu koşullarında hayatını yalnız idame ettiremediği durumlarda tutuklama yasağı bulunmaktadır. Bu gibi durumlarda, şüphelinin adlî kontrol altına alınması tercih edilebilir.","Source: Ceza Muhakemesi Kanunu Category: hukuk Question: Kanunda tutuklama yasağı olan durumlarda hangi yasal düzenlemeler uygulanabilir? Answer: Kanunda tutuklama yasağı öngörülen durumlarda da, adlî kontrole ilişkin hükümler uygulanabilir. Örneğin, hamile olan veya doğurduğu tarihten itibaren altı ay geçmemiş bulunan kadın şüphelinin, ağır bir hastalık veya engellilik nedeniyle ceza infaz kurumu koşullarında hayatını yalnız idame ettiremediği durumlarda tutuklama yasağı bulunmaktadır. Bu gibi durumlarda, şüphelinin adlî kontrol altına alınması tercih edilebilir.",3,Ceza muhakemesinde tutuklama şartları nelerdir?
4,0.41439488087998094,0.800031840801239,0.0,doc_01917_6be9c3f9_chunk_0,doc_01917_6be9c3f9,Ceza Muhakemesi Kanunu,hukuk,Gözaltına alma kararı verilmesi için hangi koşulların sağlanması gerekir?,"Gözaltına alma kararı, bu tedbirin soruşturma yönünden zorunlu olmasına ve kişinin bir suçu işlediği şüphesini gösteren somut delillerin varlığına bağlıdır. Gözaltına alma kararı, sadece soruşturmanın gerektirdiği durumlarda verilebilir ve kişinin suçu işlediğine dair somut deliller olmalıdır. Keyfi veya gerekçesiz gözaltına alma uygulamalarına izin verilmez.","Source: Ceza Muhakemesi Kanunu Category: hukuk Question: Gözaltına alma kararı verilmesi için hangi koşulların sağlanması gerekir? Answer: Gözaltına alma kararı, bu tedbirin soruşturma yönünden zorunlu olmasına ve kişinin bir suçu işlediği şüphesini gösteren somut delillerin varlığına bağlıdır. Gözaltına alma kararı, sadece soruşturmanın gerektirdiği durumlarda verilebilir ve kişinin suçu işlediğine dair somut deliller olmalıdır. Keyfi veya gerekçesiz gözaltına alma uygulamalarına izin verilmez.",3,Ceza muhakemesinde tutuklama şartları nelerdir?
5,0.3834580501864142,0.7971028685569763,0.0,doc_01934_ce84e322_chunk_0,doc_01934_ce84e322,Ceza Muhakemesi Kanunu,hukuk,Hangi durumlarda yakalanan veya tutuklanan kişilere kelepçe takılabilir?,"Yakalanan veya tutuklanarak bir yerden diğer bir yere nakledilen kişilere, kaçacaklarına ya da kendisi veya başkalarının hayat ve beden bütünlükleri bakımından tehlike arz ettiğine ilişkin belirtilerin varlığı hâllerinde kelepçe takılabilir. Kelepçe takma işlemi, sadece güvenlik gerekçesiyle ve mutlaka gerekli olduğu durumlarda yapılabilir. Bu işlemin, kişinin temel haklarının korunması ve insan onuruna saygılı bir şekilde gerçekleştirilmesi gerekir.","Source: Ceza Muhakemesi Kanunu Category: hukuk Question: Hangi durumlarda yakalanan veya tutuklanan kişilere kelepçe takılabilir? Answer: Yakalanan veya tutuklanarak bir yerden diğer bir yere nakledilen kişilere, kaçacaklarına ya da kendisi veya başkalarının hayat ve beden bütünlükleri bakımından tehlike arz ettiğine ilişkin belirtilerin varlığı hâllerinde kelepçe takılabilir. Kelepçe takma işlemi, sadece güvenlik gerekçesiyle ve mutlaka gerekli olduğu durumlarda yapılabilir. Bu işlemin, kişinin temel haklarının korunması ve insan onuruna saygılı bir şekilde gerçekleştirilmesi gerekir.",3,Ceza muhakemesinde tutuklama şartları nelerdir?
1,1.0,0.687275230884552,11.243033772050115,doc_00711_a31eccd9_chunk_0,doc_00711_a31eccd9,Türkiye Cumhuriyeti Anayasası,hukuk,Bir devletin şekli nasıl tanımlanır?,"Bir devletin şekli, yönetim biçimini ifade eder. Örneğin, bir devlet cumhuriyet, monarşi veya teokrasi olabilir. Cumhuriyet, halkın seçtiği temsilciler tarafından yönetilen bir devlet biçimidir. Monarşi ise, hükümdarın kalıtsal olarak yönettiği bir devlet biçimidir. Teokrasi ise, dini liderlerin yönetimde söz sahibi olduğu bir devlet biçimidir.","Source: Türkiye Cumhuriyeti Anayasası Category: hukuk Question: Bir devletin şekli nasıl tanımlanır? Answer: Bir devletin şekli, yönetim biçimini ifade eder. Örneğin, bir devlet cumhuriyet, monarşi veya teokrasi olabilir. Cumhuriyet, halkın seçtiği temsilciler tarafından yönetilen bir devlet biçimidir. Monarşi ise, hükümdarın kalıtsal olarak yönettiği bir devlet biçimidir. Teokrasi ise, dini liderlerin yönetimde söz sahibi olduğu bir devlet biçimidir.",4,Anayasa'ya göre devletin şekli nedir?
2,0.47666410324124436,0.0,11.140128710015652,doc_07104_55be37fe_chunk_1,doc_07104_55be37fe,Türk Bayrağı Tüzüğü,hukuk,"Türk Bayrağı Tüzüğü, Türk Bayrağı'nın standartlarının yanı sıra hangi konuları ele alır?","Türk Bayrağı Tüzüğü, Türk Bayrağı'nın standartlarını belirlemenin yanı sıra özel bayrakların standartlarını, bayrağın hangi kumaşlardan yapılacağını, hangi kapalı yerlere konulacağını, nerelere fon olarak takılacağını veya asılacağını, kamu kurum ve kuruluşlarında ve bunlar dışındaki yerlerde ne zaman ve nasıl çekileceğini, nasıl katlanacağını, Türk Silahlı Kuvvetleri yüzer birliklerinde ve Türk bandıralı ticaret gemilerinde Bayrak çekme ve indirme zamanlarını, Bayrak çekilirken ve indirilirken yapılacak törenlere dair hususları, kimlerin tabutlarına Bayrak örtülebileceğini ulusal geleneklere göre Bayrağın diğer kullanım şekli ve yerleri ile Türk Bayrağı Kanununun uygulanmasına dair diğer esasları kapsar.",tabutlarına Bayrak örtülebileceğini ulusal geleneklere göre Bayrağın diğer kullanım şekli ve yerleri ile Türk Bayrağı Kanununun uygulanmasına dair diğer esasları kapsar.,4,Anayasa'ya göre devletin şekli nedir?
3,0.45347404352026816,0.6798756718635559,0.0,doc_00736_843f16c1_chunk_0,doc_00736_843f16c1,Türkiye Cumhuriyeti Anayasası,hukuk,Demokratik devlet ne anlama gelir?,"Demokratik devlet, halkın yönetime katılımını ve iradesinin üstünlüğünü temel alan bir devlettir. Demokratik bir devlet, halkın seçtiği temsilciler tarafından yönetilir, temel hak ve özgürlükleri korur, halkın iradesinin etkili bir şekilde temsil edilmesini sağlar ve yönetimin hesap verebilirliğini sağlar.","Source: Türkiye Cumhuriyeti Anayasası Category: hukuk Question: Demokratik devlet ne anlama gelir? Answer: Demokratik devlet, halkın yönetime katılımını ve iradesinin üstünlüğünü temel alan bir devlettir. Demokratik bir devlet, halkın seçtiği temsilciler tarafından yönetilir, temel hak ve özgürlükleri korur, halkın iradesinin etkili bir şekilde temsil edilmesini sağlar ve yönetimin hesap verebilirliğini sağlar.",4,Anayasa'ya göre devletin şekli nedir?
4,0.3928337560723828,0.0,10.770459304765753,doc_01832_91dd9642_chunk_0,doc_01832_91dd9642,Ceza Muhakemesi Kanunu,hukuk,"Zehirlenme şüphesi olduğunda, organlardan parça alınırken, görünen şekli ile organın tahribatının tanımlanmasının nedeni nedir?","Zehirlenme şüphesi olduğunda, organlardan parça alınırken, görünen şekli ile organın tahribatının tanımlanmasının nedeni, zehirlenmenin belirtilerini ve zehirli maddenin etkisini tespit etmek için önemlidir. Bu, zehirlenme olup olmadığını ve hangi maddenin kullanıldığını belirlemek için gereklidir.","Source: Ceza Muhakemesi Kanunu Category: hukuk Question: Zehirlenme şüphesi olduğunda, organlardan parça alınırken, görünen şekli ile organın tahribatının tanımlanmasının nedeni nedir? Answer: Zehirlenme şüphesi olduğunda, organlardan parça alınırken, görünen şekli ile organın tahribatının tanımlanmasının nedeni, zehirlenmenin belirtilerini ve zehirli maddenin etkisini tespit etmek için önemlidir. Bu, zehirlenme olup olmadığını ve hangi maddenin kullanıldığını belirlemek için gereklidir.",4,Anayasa'ya göre devletin şekli nedir?
5,0.3591615804432914,0.0,10.621974018009121,doc_12367_90b09ad3_chunk_0,doc_12367_90b09ad3,Türk Ceza Kanunu,hukuk,Devletin egemenlik alametlerini aşağılama suçunun amacı nedir?,"Devletin egemenlik alametlerini aşağılama suçunun amacı, devletin sembollerini ve kurumlarını korumak, ulusal birliği ve beraberliği sağlamaktır.","Source: Türk Ceza Kanunu Category: hukuk Question: Devletin egemenlik alametlerini aşağılama suçunun amacı nedir? Answer: Devletin egemenlik alametlerini aşağılama suçunun amacı, devletin sembollerini ve kurumlarını korumak, ulusal birliği ve beraberliği sağlamaktır.",4,Anayasa'ya göre devletin şekli nedir?
1,0.5,0.0,27.748820306049883,doc_04673_fa598a10_chunk_0,doc_04673_fa598a10,Türk Medeni Kanunu,hukuk,Aile yurdu olarak belirlenen taşınmazın kullanımıyla ilgili kısıtlamalar nelerdir?,"Mahkemece haklı sebeplere dayanılarak geçici bir istisna kabul edilmiş olmadıkça malikin, taşınmazı veya üzerindeki tesisi kendisinin işletmesi ya da konutta oturması zorunludur. Yani, aile yurdu, malik tarafından kullanılmalı veya işletilirken, malik, aile yurdunda ikamet etmelidir. Bu kural, aile yurdunun amacına uygun olarak kullanılmasını ve ailenin yaşam alanının korunmasını sağlar.","Source: Türk Medeni Kanunu Category: hukuk Question: Aile yurdu olarak belirlenen taşınmazın kullanımıyla ilgili kısıtlamalar nelerdir? Answer: Mahkemece haklı sebeplere dayanılarak geçici bir istisna kabul edilmiş olmadıkça malikin, taşınmazı veya üzerindeki tesisi kendisinin işletmesi ya da konutta oturması zorunludur. Yani, aile yurdu, malik tarafından kullanılmalı veya işletilirken, malik, aile yurdunda ikamet etmelidir. Bu kural, aile yurdunun amacına uygun olarak kullanılmasını ve ailenin yaşam alanının korunmasını sağlar.",5,Aile yurdu ile ilgili malik üzerindeki sınırlamalar nelerdir?
2,0.5,0.693462610244751,0.0,doc_05192_7eb9ceb3_chunk_0,doc_05192_7eb9ceb3,Türk Medeni Kanunu,hukuk,"Vasiyetnamede belirtilen miras payları, mirasçılara zorunlu miras payından az olabilir mi?","Hayır, vasiyetnamede belirtilen miras payları, mirasçılara zorunlu miras payından az olamaz. Zorunlu miras payı, mirasçının miras bırakanın mal varlığından en azından alabileceği paydır.","Source: Türk Medeni Kanunu Category: hukuk Question: Vasiyetnamede belirtilen miras payları, mirasçılara zorunlu miras payından az olabilir mi? Answer: Hayır, vasiyetnamede belirtilen miras payları, mirasçılara zorunlu miras payından az olamaz. Zorunlu miras payı, mirasçının miras bırakanın mal varlığından en azından alabileceği paydır.",5,Aile yurdu ile ilgili malik üzerindeki sınırlamalar nelerdir?
3,0.37716495029464425,0.0,24.59431724249065,doc_04643_664ff7b1_chunk_0,doc_04643_664ff7b1,Türk Medeni Kanunu,hukuk,Aile yurdu hâline getirilen bir taşınmaz üzerindeki rehin ve hacizler nasıl etkilenir?,"Aile yurdu hâline getirilen bir taşınmaz üzerindeki rehin ve hacizler, aile yurdu statüsü nedeniyle geçici olarak askıya alınır. Ancak, borçlu hemen ödemede bulunabilir veya alacaklıların hakları kanıtlanırsa, rehin ve hacizler kaldırılır.","Source: Türk Medeni Kanunu Category: hukuk Question: Aile yurdu hâline getirilen bir taşınmaz üzerindeki rehin ve hacizler nasıl etkilenir? Answer: Aile yurdu hâline getirilen bir taşınmaz üzerindeki rehin ve hacizler, aile yurdu statüsü nedeniyle geçici olarak askıya alınır. Ancak, borçlu hemen ödemede bulunabilir veya alacaklıların hakları kanıtlanırsa, rehin ve hacizler kaldırılır.",5,Aile yurdu ile ilgili malik üzerindeki sınırlamalar nelerdir?
4,0.3408361920685712,0.6737171411514282,0.0,doc_05296_c3ec5dcc_chunk_0,doc_05296_c3ec5dcc,Türk Medeni Kanunu,hukuk,Sağ kalan eş için saklı pay oranı nedir?,"Sağ kalan eş için saklı pay oranı, altsoy veya ana ve baba zümresiyle birlikte mirasçı olması hâlinde yasal miras payının tamamı, diğer hâllerde yasal miras payının dörtte üçüdür. Sağ kalan eşin miras payı, altsoy veya ana ve baba ile birlikte mirasçı olması halinde daha yüksektir, çünkü bu durumda eşin miras bırakanın ölümü sonrası yaşamını sürdürebilmesi için daha fazla desteğe ihtiyacı vardır. Diğer durumlarda ise, eşin miras payı dörtte üçü ile sınırlıdır.","Source: Türk Medeni Kanunu Category: hukuk Question: Sağ kalan eş için saklı pay oranı nedir? Answer: Sağ kalan eş için saklı pay oranı, altsoy veya ana ve baba zümresiyle birlikte mirasçı olması hâlinde yasal miras payının tamamı, diğer hâllerde yasal miras payının dörtte üçüdür. Sağ kalan eşin miras payı, altsoy veya ana ve baba ile birlikte mirasçı olması halinde daha yüksektir, çünkü bu durumda eşin miras bırakanın ölümü sonrası yaşamını sürdürebilmesi için daha fazla desteğe ihtiyacı vardır. Diğer durumlarda ise, eşin miras payı dörtte üçü ile sınırlıdır.",5,Aile yurdu ile ilgili malik üzerindeki sınırlamalar nelerdir?
5,0.29365065200646895,0.0,22.44960276211248,doc_04641_d7c4e970_chunk_0,doc_04641_d7c4e970,Türk Medeni Kanunu,hukuk,Aile yurdu kurulması için hangi koşulların sağlanması gerekir?,"Aile yurdu kurulması için, taşınmazın bir aile yurdu olma niteliklerini taşıması, ailenin normal geçimine ve barınmasına yetecek ölçüde olması, malikin taşınmazı veya üzerindeki tesisi kendisinin işletmesi veya konutta oturması, üçüncü kişilerin itiraz etmemesi veya itirazlarının geçersiz bulunması gerekir.","Source: Türk Medeni Kanunu Category: hukuk Question: Aile yurdu kurulması için hangi koşulların sağlanması gerekir? Answer: Aile yurdu kurulması için, taşınmazın bir aile yurdu olma niteliklerini taşıması, ailenin normal geçimine ve barınmasına yetecek ölçüde olması, malikin taşınmazı veya üzerindeki tesisi kendisinin işletmesi veya konutta oturması, üçüncü kişilerin itiraz etmemesi veya itirazlarının geçersiz bulunması gerekir.",5,Aile yurdu ile ilgili malik üzerindeki sınırlamalar nelerdir?
